<?xml version="1.0" encoding="UTF-8"?>

<beans xmlns="http://www.springframework.org/schema/beans"
	xmlns:xsi="http://www.w3.org/2001/XMLSchema-instance" xmlns:p="http://www.springframework.org/schema/p"
	xmlns:aop="http://www.springframework.org/schema/aop" xmlns:context="http://www.springframework.org/schema/context"
	xmlns:jee="http://www.springframework.org/schema/jee" xmlns:tx="http://www.springframework.org/schema/tx"
	xmlns:task="http://www.springframework.org/schema/task"
	xsi:schemaLocation="http://www.springframework.org/schema/aop http://www.springframework.org/schema/aop/spring-aop-3.2.xsd http://www.springframework.org/schema/beans http://www.springframework.org/schema/beans/spring-beans-3.2.xsd http://www.springframework.org/schema/context http://www.springframework.org/schema/context/spring-context-3.2.xsd http://www.springframework.org/schema/jee http://www.springframework.org/schema/jee/spring-jee-3.2.xsd http://www.springframework.org/schema/tx http://www.springframework.org/schema/tx/spring-tx-3.2.xsd http://www.springframework.org/schema/task http://www.springframework.org/schema/task/spring-task-3.2.xsd">

   <aop:aspectj-autoproxy />
   
   <bean id="Alice" class="edu.sjsu.cmpe275.lab1.User">
   	<property name="userId" value="Alice"/>
   </bean>
   
   <bean id="Bob" class="edu.sjsu.cmpe275.lab1.User">
   	<property name="userId" value="Bob"/>
   </bean>
   	
   <bean id="Carl" class="edu.sjsu.cmpe275.lab1.User">
   	<property name="userId" value="Carl"/>
   </bean>
   
   <bean id="SecretService" class="edu.sjsu.cmpe275.lab1.SecretServiceImpl">
   </bean>

   <bean id="LoggingAspect" class="edu.sjsu.cmpe275.lab1.LoggingAspect" />
</beans>